found_at,company,title,location,url
2026-07-07T01:01:26.316598+00:00,Aggregator,"Client, Partnerships & Marketing Development Manager","The City, Central London",https://www.adzuna.co.uk/jobs/land/ad/5783308766?se=DFT-SZ958RGE29fH3ScMfg&utm_medium=api&utm_source=0635bd81&v=C6D2C353ABCD031461AB0978A73A4B82DED2DA04
2026-07-07T01:01:26.316598+00:00,Aggregator,"Client, Partnerships & Marketing Development Manager","London, UK",https://www.adzuna.co.uk/jobs/land/ad/5783308478?se=DFT-SZ958RGE29fH3ScMfg&utm_medium=api&utm_source=0635bd81&v=659F0B42C612E1EA4D89DDE20A3E4480820DC458
2026-07-07T01:01:26.316598+00:00,Aggregator,Digital Marketing Manager - Luxury Digital Agency,"London, UK",https://www.adzuna.co.uk/jobs/details/5759164101?utm_medium=api&utm_source=0635bd81
2026-07-07T01:01:26.316598+00:00,Aggregator,Digital Marketing Manager,"London, UK",https://www.adzuna.co.uk/jobs/details/5790429694?utm_medium=api&utm_source=0635bd81
2026-07-07T01:01:26.316598+00:00,Aggregator,Head of Brand & Marketing,"Stockport, Greater Manchester",https://www.adzuna.co.uk/jobs/land/ad/5790381283?se=ivTeSp958RGW89_mIOpt3A&utm_medium=api&utm_source=0635bd81&v=5778F48EC1615F05B8E0036D4963A20B073C7E7D
2026-07-07T01:01:26.316598+00:00,Aggregator,Head of Marketing & Communications,"West Midlands, UK",https://www.adzuna.co.uk/jobs/details/5790021233?utm_medium=api&utm_source=0635bd81
2026-07-07T01:01:26.316598+00:00,Aggregator,Head of Brand Content Comms and PR 6 Month FTC,"London, UK",https://www.adzuna.co.uk/jobs/details/5789988591?utm_medium=api&utm_source=0635bd81
2026-07-07T01:01:26.316598+00:00,Aggregator,Growth Marketing Lead,"London, UK",https://www.adzuna.co.uk/jobs/details/5789988301?utm_medium=api&utm_source=0635bd81
2026-07-07T01:01:26.316598+00:00,Aggregator,Digital Brand Designer,"Leeds, West Yorkshire",https://www.adzuna.co.uk/jobs/details/5789988108?utm_medium=api&utm_source=0635bd81
2026-07-07T01:01:26.316598+00:00,Aggregator,Lifecycle & Content Lead,"London, UK",https://www.adzuna.co.uk/jobs/details/5789987721?utm_medium=api&utm_source=0635bd81
2026-07-07T01:01:26.316598+00:00,Aggregator,Growth Marketing Lead,"London, UK",https://www.adzuna.co.uk/jobs/details/5789987584?utm_medium=api&utm_source=0635bd81
2026-07-07T01:01:26.316598+00:00,Aggregator,"DTC Brand Marketing Manager, EMEA - Saucony","London, UK",https://www.adzuna.co.uk/jobs/details/5789974614?utm_medium=api&utm_source=0635bd81
2026-07-07T01:01:26.316598+00:00,Aggregator,Brand Marketing Manager,"London, UK",https://www.adzuna.co.uk/jobs/land/ad/5789971127?se=ivTeSp958RGW89_mIOpt3A&utm_medium=api&utm_source=0635bd81&v=D4884A20C4FB1A4D565C014F8CCA3BB29425EDB0
2026-07-07T01:01:26.316598+00:00,Aggregator,Brand Marketing Manager - Luxury Retail,"London, UK",https://www.adzuna.co.uk/jobs/details/5789865420?utm_medium=api&utm_source=0635bd81
2026-07-07T01:01:26.316598+00:00,Aggregator,Trainee Brand Ambassador No Experience Needed,"East London, London",https://www.adzuna.co.uk/jobs/details/5789618180?utm_medium=api&utm_source=0635bd81
2026-07-07T01:01:26.316598+00:00,Aggregator,Content Marketing Executive,"London, UK",https://www.adzuna.co.uk/jobs/details/5789616998?utm_medium=api&utm_source=0635bd81
2026-07-07T01:01:26.316598+00:00,Aggregator,Digital Marketing Manager,"London, UK",https://www.adzuna.co.uk/jobs/details/5789479861?utm_medium=api&utm_source=0635bd81
2026-07-07T01:01:26.316598+00:00,Aggregator,Marketing Manager UK - Tatcha,"South Bank, South East London",https://www.adzuna.co.uk/jobs/details/5789182484?utm_medium=api&utm_source=0635bd81
2026-07-07T01:01:26.316598+00:00,Aggregator,Marketing Communication Intern,UK,https://www.adzuna.co.uk/jobs/details/5789180339?utm_medium=api&utm_source=0635bd81
2026-07-07T01:01:26.316598+00:00,Aggregator,Digital Marketing Analyst,"London, UK",https://www.adzuna.co.uk/jobs/details/5789180294?utm_medium=api&utm_source=0635bd81
2026-07-07T01:01:26.316598+00:00,Aggregator,Marketing Manager,"London, UK",https://www.adzuna.co.uk/jobs/details/5789180162?utm_medium=api&utm_source=0635bd81
2026-07-07T01:01:26.316598+00:00,Aggregator,"Senior Manager, Brand Marketing","London, UK",https://www.adzuna.co.uk/jobs/details/5789179912?utm_medium=api&utm_source=0635bd81
2026-07-07T01:01:26.316598+00:00,Aggregator,Brand Services Print Assistant,"The City, Central London",https://www.adzuna.co.uk/jobs/details/5788829066?utm_medium=api&utm_source=0635bd81
2026-07-07T01:01:26.316598+00:00,Aggregator,Brand and Corporate Communications Lead,UK,https://www.adzuna.co.uk/jobs/details/5788133975?utm_medium=api&utm_source=0635bd81
2026-07-07T01:01:26.316598+00:00,Aggregator,Brand & Marketing Executive,UK,https://www.adzuna.co.uk/jobs/land/ad/5787727151?se=ivTeSp958RGW89_mIOpt3A&utm_medium=api&utm_source=0635bd81&v=6A3EC01A2B4CF4FB55AE14DCD206C3D3D1B10678
2026-07-07T01:01:26.316598+00:00,Aggregator,Marketing Manager,"London, UK",https://www.adzuna.co.uk/jobs/details/5787654911?utm_medium=api&utm_source=0635bd81
2026-07-07T01:01:26.316598+00:00,Aggregator,Marketing Manager Automotive,"Central London, London",https://www.adzuna.co.uk/jobs/details/5787095931?utm_medium=api&utm_source=0635bd81
2026-07-07T01:01:26.316598+00:00,Aggregator,CRM Manager (Credit),"London, UK",https://www.adzuna.co.uk/jobs/details/5786846281?utm_medium=api&utm_source=0635bd81
2026-07-07T01:01:26.316598+00:00,Aggregator,Senior Account Manager – Brand & Culture,"The City, Central London",https://www.adzuna.co.uk/jobs/land/ad/5786792371?se=ivTeSp958RGW89_mIOpt3A&utm_medium=api&utm_source=0635bd81&v=C31983D99A2FC88AFD3B582329FE70D9474051D7
2026-07-07T01:01:26.316598+00:00,Aggregator,Consumer Insights Manager,"Glasgow, Scotland",https://www.adzuna.co.uk/jobs/land/ad/5786784461?se=ivTeSp958RGW89_mIOpt3A&utm_medium=api&utm_source=0635bd81&v=A3A32D5BCAFC0ABC90B0177C072AC8C09DF33429
2026-07-07T01:01:26.316598+00:00,Aggregator,Senior Project Manager - Influencer Marketing,"Stratford, East London",https://www.adzuna.co.uk/jobs/land/ad/5786764012?se=ivTeSp958RGW89_mIOpt3A&utm_medium=api&utm_source=0635bd81&v=BA14D32091870B4B4A3D7AC572754217F4BFA4D4
2026-07-07T01:01:26.316598+00:00,Aggregator,Senior Account Manager – Brand & Culture,"London, UK",https://www.adzuna.co.uk/jobs/land/ad/5786763327?se=ivTeSp958RGW89_mIOpt3A&utm_medium=api&utm_source=0635bd81&v=8EC71925F971887765088D5EE42104AD807DA099
2026-07-07T01:01:26.316598+00:00,Aggregator,Senior CRM Executive,"London, UK",https://www.adzuna.co.uk/jobs/details/5789989790?utm_medium=api&utm_source=0635bd81
2026-07-07T01:01:26.316598+00:00,Aggregator,CRM Executive,"London, UK",https://www.adzuna.co.uk/jobs/details/5789988229?utm_medium=api&utm_source=0635bd81
2026-07-07T01:01:26.316598+00:00,Aggregator,CRM Executive - Retail,"The City, Central London",https://www.adzuna.co.uk/jobs/details/5789180050?utm_medium=api&utm_source=0635bd81
2026-07-07T01:01:26.316598+00:00,Aggregator,CRM Manager,UK,https://www.adzuna.co.uk/jobs/land/ad/5789179662?se=7HCKTZ958RGY_r5nmSi8VA&utm_medium=api&utm_source=0635bd81&v=E75760DCF13BB710436F196EECD5DC88BD17AB2A
2026-07-07T01:01:26.316598+00:00,Aggregator,CRM Executive,"London, UK",https://www.adzuna.co.uk/jobs/details/5788131398?utm_medium=api&utm_source=0635bd81
2026-07-07T01:01:26.316598+00:00,Aggregator,Digital Marketing Manager - The Orchard,"London, UK",https://www.adzuna.co.uk/jobs/details/5788131371?utm_medium=api&utm_source=0635bd81
2026-07-07T01:01:26.316598+00:00,Aggregator,Digital Marketing Manager,"London, UK",https://www.adzuna.co.uk/jobs/details/5788129685?utm_medium=api&utm_source=0635bd81
2026-07-07T01:01:26.316598+00:00,Aggregator,CRM Executive - Triggers & Automations,"The City, Central London",https://www.adzuna.co.uk/jobs/details/5787654920?utm_medium=api&utm_source=0635bd81
2026-07-07T01:01:26.316598+00:00,Aggregator,Head of Global CRM Programmes & Operations,"London, UK",https://www.adzuna.co.uk/jobs/details/5786994020?utm_medium=api&utm_source=0635bd81
2026-07-07T01:01:26.316598+00:00,Aggregator,CRM Executive,"London, UK",https://www.adzuna.co.uk/jobs/details/5786752755?utm_medium=api&utm_source=0635bd81
2026-07-07T01:01:26.316598+00:00,Aggregator,Marketing and CRM Executive,"South West London, London",https://www.adzuna.co.uk/jobs/details/5785859222?utm_medium=api&utm_source=0635bd81
2026-07-07T01:01:26.316598+00:00,Aggregator,CRM Operations Executive,"London, UK",https://www.adzuna.co.uk/jobs/details/5785368010?utm_medium=api&utm_source=0635bd81
2026-07-07T01:01:26.316598+00:00,Aggregator,CRM Executive,UK,https://www.adzuna.co.uk/jobs/details/5785350655?utm_medium=api&utm_source=0635bd81
2026-07-07T01:01:26.316598+00:00,Aggregator,Senior CRM Executive (6 Month Fixed-Term Contract),"London, UK",https://www.adzuna.co.uk/jobs/details/5783907291?utm_medium=api&utm_source=0635bd81
2026-07-07T01:01:26.316598+00:00,Aggregator,CRM Executive - 12m FTC - United Kingdom,UK,https://www.adzuna.co.uk/jobs/details/5783347115?utm_medium=api&utm_source=0635bd81
2026-07-07T01:01:26.316598+00:00,Aggregator,Senior CRM Executive,"Farringdon, Central London",https://www.adzuna.co.uk/jobs/details/5779216411?utm_medium=api&utm_source=0635bd81
2026-07-07T01:01:26.316598+00:00,Aggregator,CRM Executive | LOOKFANTASTIC,"Manchester, Greater Manchester",https://www.adzuna.co.uk/jobs/details/5779216303?utm_medium=api&utm_source=0635bd81
2026-07-07T01:01:26.316598+00:00,Aggregator,CRM Executive,"London, UK",https://www.adzuna.co.uk/jobs/details/5779213400?utm_medium=api&utm_source=0635bd81
2026-07-07T01:01:26.316598+00:00,Aggregator,CRM Loyalty Campaign Manager - 9 month FTC,"London, UK",https://www.adzuna.co.uk/jobs/details/5777923413?utm_medium=api&utm_source=0635bd81
2026-07-07T01:01:26.316598+00:00,Aggregator,CRM Builder & Voyado Specialist,"South East London, London",https://www.adzuna.co.uk/jobs/land/ad/5777193841?se=7HCKTZ958RGY_r5nmSi8VA&utm_medium=api&utm_source=0635bd81&v=1C1398A3C6A13142071167722598F9EC548BF410
2026-07-07T01:01:26.316598+00:00,Aggregator,CRM Builder & Voyado Specialist,"London, UK",https://www.adzuna.co.uk/jobs/land/ad/5776671292?se=7HCKTZ958RGY_r5nmSi8VA&utm_medium=api&utm_source=0635bd81&v=1DBC598C1A380FBE8774986898C33295B556F284
2026-07-07T01:01:26.316598+00:00,Aggregator,Senior CRM Executive - Fixed term contract,"Manchester, Greater Manchester",https://www.adzuna.co.uk/jobs/details/5774976923?utm_medium=api&utm_source=0635bd81
2026-07-07T01:01:26.316598+00:00,Aggregator,Senior CRM Executive - Fixed term contract,"Manchester, Greater Manchester",https://www.adzuna.co.uk/jobs/details/5774421425?utm_medium=api&utm_source=0635bd81
2026-07-07T01:01:26.316598+00:00,Aggregator,Technical CRM Executive,"London, UK",https://www.adzuna.co.uk/jobs/details/5770811992?utm_medium=api&utm_source=0635bd81
2026-07-07T01:01:26.316598+00:00,Aggregator,CRM Executive,"London, UK",https://www.adzuna.co.uk/jobs/details/5769439413?utm_medium=api&utm_source=0635bd81
2026-07-07T01:01:26.316598+00:00,Aggregator,"Marketing Manager (Reactive Content, CRM & Product)","London, UK",https://www.adzuna.co.uk/jobs/details/5764755316?utm_medium=api&utm_source=0635bd81
2026-07-07T01:01:26.316598+00:00,Aggregator,CRM Executive,"London, UK",https://www.adzuna.co.uk/jobs/details/5764537268?utm_medium=api&utm_source=0635bd81
2026-07-07T01:01:26.316598+00:00,Aggregator,CRM Executive,"Manchester, Greater Manchester",https://www.adzuna.co.uk/jobs/details/5752711442?utm_medium=api&utm_source=0635bd81
2026-07-07T01:01:26.316598+00:00,Aggregator,eComms & CRM Executive,"Hammersmith, West London",https://www.adzuna.co.uk/jobs/details/5748834018?utm_medium=api&utm_source=0635bd81
2026-07-07T01:01:26.316598+00:00,Aggregator,Senior CRM Executive (Lifecycle),"London, UK",https://www.adzuna.co.uk/jobs/details/5746365005?utm_medium=api&utm_source=0635bd81
2026-07-07T01:01:26.316598+00:00,Aggregator,CRM Executive,"London, UK",https://www.adzuna.co.uk/jobs/details/5738738502?utm_medium=api&utm_source=0635bd81
2026-07-07T01:01:26.316598+00:00,Aggregator,Performance Marketing Manager (Paid Social),"London, UK",https://www.adzuna.co.uk/jobs/details/5728073361?utm_medium=api&utm_source=0635bd81
2026-07-07T01:01:26.316598+00:00,Aggregator,Senior CRM Executive (Direct Mail/Print),"London, UK",https://www.adzuna.co.uk/jobs/details/5723446758?utm_medium=api&utm_source=0635bd81
2026-07-07T01:01:26.316598+00:00,Aggregator,CRM Executive,"St Pancras, Central London",https://www.adzuna.co.uk/jobs/details/5716218146?utm_medium=api&utm_source=0635bd81
2026-07-07T01:01:26.316598+00:00,Aggregator,Senior CRM Manager - (Global),"London, UK",https://www.adzuna.co.uk/jobs/details/5789987510?utm_medium=api&utm_source=0635bd81
2026-07-07T01:01:26.316598+00:00,Aggregator,Regional CRM Manager - UK & Europe,"London, UK",https://www.adzuna.co.uk/jobs/details/5789987449?utm_medium=api&utm_source=0635bd81
2026-07-07T01:01:26.316598+00:00,Aggregator,CRM Manager,UK,https://www.adzuna.co.uk/jobs/land/ad/5789179662?se=tJBQT5958RGE29fH3ScMfg&utm_medium=api&utm_source=0635bd81&v=E75760DCF13BB710436F196EECD5DC88BD17AB2A
2026-07-07T01:01:26.316598+00:00,Aggregator,Senior CRM Co-ordinator,"London, UK",https://www.adzuna.co.uk/jobs/details/5788132534?utm_medium=api&utm_source=0635bd81
2026-07-07T01:01:26.316598+00:00,Aggregator,CRM Manager,"London, UK",https://www.adzuna.co.uk/jobs/details/5787057544?utm_medium=api&utm_source=0635bd81
2026-07-07T01:01:26.316598+00:00,Aggregator,CRM Manager,"Manchester, Greater Manchester",https://www.adzuna.co.uk/jobs/details/5786977065?utm_medium=api&utm_source=0635bd81
2026-07-07T01:01:26.316598+00:00,Aggregator,Senior CRM Co-ordinator,"London, UK",https://www.adzuna.co.uk/jobs/details/5786972904?utm_medium=api&utm_source=0635bd81
2026-07-07T01:01:26.316598+00:00,Aggregator,CRM Manager (Services),"London, UK",https://www.adzuna.co.uk/jobs/details/5786846298?utm_medium=api&utm_source=0635bd81
2026-07-07T01:01:26.316598+00:00,Aggregator,CRM Functional Consultant,"Rusholme, Manchester",https://www.adzuna.co.uk/jobs/land/ad/5786844088?se=tJBQT5958RGE29fH3ScMfg&utm_medium=api&utm_source=0635bd81&v=BA4A5EAA99C11E960957F49B60803884E8A563F4
2026-07-07T01:01:26.316598+00:00,Aggregator,Client Advisor,"South East London, London",https://www.adzuna.co.uk/jobs/land/ad/5789551314?se=Fkn6U5958RGW89_mIOpt3A&utm_medium=api&utm_source=0635bd81&v=24A87A78902B27D4FD3B328E1552EF440CFE7F6C
2026-07-07T01:01:26.316598+00:00,Aggregator,Client Development & Relationship Manager (Luxury Fine Jewellery) London or Dubai,"London, UK",https://www.adzuna.co.uk/jobs/land/ad/5789138778?se=Fkn6U5958RGW89_mIOpt3A&utm_medium=api&utm_source=0635bd81&v=619A2D620DA5BA32D2387F763D5A3C5415AF7737
2026-07-07T01:01:26.316598+00:00,Aggregator,Client Development & Relationship Manager (Luxury Fine Jewellery) London or Dubai,"The City, Central London",https://www.adzuna.co.uk/jobs/land/ad/5789136732?se=Fkn6U5958RGW89_mIOpt3A&utm_medium=api&utm_source=0635bd81&v=8324A02B5838642D32D063C22FCDC99B783D1DB7
2026-07-07T01:01:26.316598+00:00,Aggregator,Sales Assistant – Furniture Luxury Monobrand Showroom | London City,"The City, Central London",https://www.adzuna.co.uk/jobs/land/ad/5788039370?se=Fkn6U5958RGW89_mIOpt3A&utm_medium=api&utm_source=0635bd81&v=7344459B42781D4932D67EF930B83DDDBAA3DD02
2026-07-07T01:01:26.316598+00:00,Aggregator,Sales Assistant – Furniture Luxury Monobrand Showroom | London City,"London, UK",https://www.adzuna.co.uk/jobs/land/ad/5788039287?se=Fkn6U5958RGW89_mIOpt3A&utm_medium=api&utm_source=0635bd81&v=6F3F04A2F2DE8EE2DEC8A6FA7CB90E977A0145A6
2026-07-07T01:01:26.316598+00:00,Aggregator,Brand Executive,"London, UK",https://www.adzuna.co.uk/jobs/details/5788129142?utm_medium=api&utm_source=0635bd81
2026-07-07T01:01:26.316598+00:00,Aggregator,Marketing Assistant,UK,https://www.adzuna.co.uk/jobs/details/5786754665?utm_medium=api&utm_source=0635bd81
2026-07-07T01:01:26.316598+00:00,Aggregator,Brand Executive,"London, UK",https://www.adzuna.co.uk/jobs/details/5786282748?utm_medium=api&utm_source=0635bd81
2026-07-07T01:01:26.316598+00:00,Aggregator,"Director, Marketing (ARTD)","London, UK",https://www.adzuna.co.uk/jobs/details/5786156408?utm_medium=api&utm_source=0635bd81
2026-07-07T01:01:26.316598+00:00,Aggregator,"Director, Marketing (ARTD)","London, UK",https://www.adzuna.co.uk/jobs/details/5785369736?utm_medium=api&utm_source=0635bd81
2026-07-07T01:01:26.316598+00:00,Aggregator,Brand Manager- Implementation (9 Months FTC),"Tower Bridge, East London",https://www.adzuna.co.uk/jobs/details/5781435996?utm_medium=api&utm_source=0635bd81
2026-07-07T01:01:26.316598+00:00,Aggregator,"Senior Brand Manager DTC, Ostomy Care","London, UK",https://www.adzuna.co.uk/jobs/details/5780348789?utm_medium=api&utm_source=0635bd81
2026-07-07T01:01:26.316598+00:00,Aggregator,"Marketing Lead (Sr Product Manager), UK, Ireland, and Nordics",UK,https://www.adzuna.co.uk/jobs/details/5776440699?utm_medium=api&utm_source=0635bd81
2026-07-07T01:01:26.316598+00:00,Aggregator,Marketing Manager – Qatar,UK,https://www.adzuna.co.uk/jobs/details/5774602397?utm_medium=api&utm_source=0635bd81
2026-07-07T01:01:26.316598+00:00,Aggregator,Marketing Manager,"Holborn, Central London",https://www.adzuna.co.uk/jobs/details/5767934967?utm_medium=api&utm_source=0635bd81
2026-07-07T01:01:26.316598+00:00,Aggregator,Brand Executive - London,"London, UK",https://www.adzuna.co.uk/jobs/details/5766874548?utm_medium=api&utm_source=0635bd81
2026-07-07T01:01:26.316598+00:00,Aggregator,Marketing Manager,"South East London, London",https://www.adzuna.co.uk/jobs/land/ad/5790381158?se=gFUgWJ958RGE29fH3ScMfg&utm_medium=api&utm_source=0635bd81&v=E24A06BABFE6906647AC3576C188FA8A44CD6CF7
2026-07-07T01:01:26.316598+00:00,Aggregator,Communications & Marketing Executive,"Soho, West London",https://www.adzuna.co.uk/jobs/details/5790301842?utm_medium=api&utm_source=0635bd81
2026-07-07T01:01:26.316598+00:00,Aggregator,Marketing Manager,"Farringdon, Central London",https://www.adzuna.co.uk/jobs/land/ad/5790221621?se=gFUgWJ958RGE29fH3ScMfg&utm_medium=api&utm_source=0635bd81&v=A182E79EAF069CF00B860DA0540293E3FA68F407
2026-07-07T01:01:26.316598+00:00,Aggregator,Senior Marketing Executive,"Ladywood, Birmingham",https://www.adzuna.co.uk/jobs/details/5790218921?utm_medium=api&utm_source=0635bd81
2026-07-07T01:01:26.316598+00:00,Aggregator,Senior Marketing Executive,"Birmingham, West Midlands",https://www.adzuna.co.uk/jobs/details/5790214854?utm_medium=api&utm_source=0635bd81
2026-07-07T01:01:26.316598+00:00,Aggregator,Marketing Manager,"London, UK",https://www.adzuna.co.uk/jobs/details/5790129297?utm_medium=api&utm_source=0635bd81
2026-07-07T01:01:26.316598+00:00,Aggregator,Marketing Manager,"North West England, UK",https://www.adzuna.co.uk/jobs/details/5790005946?utm_medium=api&utm_source=0635bd81
2026-07-07T01:01:26.316598+00:00,Aggregator,Customer Marketing Manager,"London, UK",https://www.adzuna.co.uk/jobs/details/5789987548?utm_medium=api&utm_source=0635bd81
2026-07-07T01:01:26.316598+00:00,Aggregator,Senior Marketing Executive,"Birmingham, West Midlands",https://www.adzuna.co.uk/jobs/details/5789987389?utm_medium=api&utm_source=0635bd81
2026-07-07T01:01:26.316598+00:00,Aggregator,Marketing Manager,"Rusholme, Manchester",https://www.adzuna.co.uk/jobs/land/ad/5789971125?se=gFUgWJ958RGE29fH3ScMfg&utm_medium=api&utm_source=0635bd81&v=5A7167A082C30E50F0BCC49A5B70A9DD6F4054DD
2026-07-07T01:01:26.316598+00:00,Aggregator,Trainee Digital Marketing Manager,"Twickenham, London",https://www.adzuna.co.uk/jobs/details/5789872942?utm_medium=api&utm_source=0635bd81
2026-07-07T01:01:26.316598+00:00,Aggregator,Trainee Digital Marketing Manager,"Kingston Upon Thames, South West London",https://www.adzuna.co.uk/jobs/details/5789872581?utm_medium=api&utm_source=0635bd81
2026-07-07T01:01:26.316598+00:00,Aggregator,Field Sales & Marketing Executive,"North West England, UK",https://www.adzuna.co.uk/jobs/details/5789872086?utm_medium=api&utm_source=0635bd81
2026-07-07T01:01:26.316598+00:00,Aggregator,Trainee Digital Marketing Executive,"Croydon, London",https://www.adzuna.co.uk/jobs/details/5789868997?utm_medium=api&utm_source=0635bd81
2026-07-07T01:01:26.316598+00:00,Aggregator,Field Sales & Marketing Executive,UK,https://www.adzuna.co.uk/jobs/details/5789868966?utm_medium=api&utm_source=0635bd81
2026-07-07T01:01:26.316598+00:00,Aggregator,Field Sales & Marketing Executive,UK,https://www.adzuna.co.uk/jobs/details/5789865503?utm_medium=api&utm_source=0635bd81
2026-07-07T01:01:26.316598+00:00,Aggregator,Field Sales & Marketing Executive,"South East England, UK",https://www.adzuna.co.uk/jobs/details/5789865481?utm_medium=api&utm_source=0635bd81
2026-07-07T01:01:26.316598+00:00,Aggregator,Trainee Digital Marketing Manager,"Peterborough, Eastern England",https://www.adzuna.co.uk/jobs/details/5789865436?utm_medium=api&utm_source=0635bd81
2026-07-07T01:01:26.316598+00:00,Aggregator,Field Sales & Marketing Executive,"South West England, UK",https://www.adzuna.co.uk/jobs/details/5789865224?utm_medium=api&utm_source=0635bd81
2026-07-07T01:01:26.316598+00:00,Aggregator,"Senior Marketing Manager, Acquisition - London, UK","London, UK",https://www.adzuna.co.uk/jobs/details/5787314383?utm_medium=api&utm_source=0635bd81
2026-07-07T01:01:26.316598+00:00,Aggregator,Account Manager - F1 Partnerships,"The City, Central London",https://www.adzuna.co.uk/jobs/land/ad/5786792633?se=QGjdWZ958RG2Y4KvMPRbaQ&utm_medium=api&utm_source=0635bd81&v=61E63EFF3374C8EEFAC95D93FCE5EE1300391C88
2026-07-07T01:01:26.316598+00:00,Aggregator,Account Manager - F1 Partnerships,"London, UK",https://www.adzuna.co.uk/jobs/land/ad/5786763796?se=QGjdWZ958RG2Y4KvMPRbaQ&utm_medium=api&utm_source=0635bd81&v=1BC2C7371D335E6F84ABAB435620C2832942F9A8
2026-07-07T01:01:26.316598+00:00,Aggregator,Marketing Executive - Interim,"Farringdon, Central London",https://www.adzuna.co.uk/jobs/details/5785793619?utm_medium=api&utm_source=0635bd81
2026-07-07T01:01:26.316598+00:00,Aggregator,Marketing Executive - Interim,"London, UK",https://www.adzuna.co.uk/jobs/details/5785765317?utm_medium=api&utm_source=0635bd81
2026-07-07T01:01:26.316598+00:00,Aggregator,Partnerships Account Manager,"London, UK",https://www.adzuna.co.uk/jobs/land/ad/5785352830?se=QGjdWZ958RG2Y4KvMPRbaQ&utm_medium=api&utm_source=0635bd81&v=4DDD4C90D64311D3E2990B848182E62F695F10CB
2026-07-07T01:01:26.316598+00:00,Aggregator,Europe Communications Lead,"London, UK",https://www.adzuna.co.uk/jobs/details/5783906676?utm_medium=api&utm_source=0635bd81
2026-07-07T01:01:26.316598+00:00,Aggregator,Partnerships Marketing Manager | LOOKFANTASTIC,"Manchester, Greater Manchester",https://www.adzuna.co.uk/jobs/details/5783906482?utm_medium=api&utm_source=0635bd81
2026-07-07T01:01:26.316598+00:00,Aggregator,Senior Manager – Global Partnership Marketing,"London, UK",https://www.adzuna.co.uk/jobs/land/ad/5783540469?se=QGjdWZ958RG2Y4KvMPRbaQ&utm_medium=api&utm_source=0635bd81&v=7295F5EC8176633DAE99A0F0450066B1828B2FD6
2026-07-07T01:01:26.316598+00:00,Aggregator,Marketing and Communications Coordinator - London,"London, UK",https://www.adzuna.co.uk/jobs/details/5783349153?utm_medium=api&utm_source=0635bd81
2026-07-07T01:01:26.316598+00:00,Aggregator,"Client, Partnerships & Marketing Development Manager","The City, Central London",https://www.adzuna.co.uk/jobs/land/ad/5783308766?se=QGjdWZ958RG2Y4KvMPRbaQ&utm_medium=api&utm_source=0635bd81&v=C6D2C353ABCD031461AB0978A73A4B82DED2DA04
2026-07-07T01:01:26.316598+00:00,Aggregator,"Client, Partnerships & Marketing Development Manager","London, UK",https://www.adzuna.co.uk/jobs/land/ad/5783308478?se=QGjdWZ958RG2Y4KvMPRbaQ&utm_medium=api&utm_source=0635bd81&v=659F0B42C612E1EA4D89DDE20A3E4480820DC458
2026-07-07T01:01:26.316598+00:00,Aggregator,Marketing Manager,"Cornwall, South West England",https://www.adzuna.co.uk/jobs/details/5782254535?utm_medium=api&utm_source=0635bd81
2026-07-07T01:01:26.316598+00:00,Aggregator,Partnerships Executive,"Camden, North West London",https://www.adzuna.co.uk/jobs/details/5781479430?utm_medium=api&utm_source=0635bd81
2026-07-07T01:01:26.316598+00:00,Aggregator,Partnerships Executive (FTC),"Richmond, West London",https://www.adzuna.co.uk/jobs/details/5781417688?utm_medium=api&utm_source=0635bd81
2026-07-07T01:01:26.316598+00:00,Aggregator,Digital Marketing Manager,"London, UK",https://www.adzuna.co.uk/jobs/details/5781222766?utm_medium=api&utm_source=0635bd81
2026-07-07T01:01:26.316598+00:00,Aggregator,Senior Platform Partnership Business Development Manager - Affiliate Marketing,"London, UK",https://www.adzuna.co.uk/jobs/details/5780349794?utm_medium=api&utm_source=0635bd81
2026-07-07T01:01:26.316598+00:00,Aggregator,Senior Platform Partnership Business Development Manager - Affiliate Marketing,UK,https://www.adzuna.co.uk/jobs/details/5780348469?utm_medium=api&utm_source=0635bd81
2026-07-07T01:01:26.316598+00:00,Aggregator,Startups Community and Partnerships Manager,"London, UK",https://www.adzuna.co.uk/jobs/details/5779216290?utm_medium=api&utm_source=0635bd81
2026-07-07T01:01:26.316598+00:00,Aggregator,Marketing Manager,"Fitzrovia, West London",https://www.adzuna.co.uk/jobs/details/5777919052?utm_medium=api&utm_source=0635bd81
2026-07-07T01:01:26.316598+00:00,Aggregator,Senior Partnerships Marketing Executive | Cult Beauty,"London, UK",https://www.adzuna.co.uk/jobs/details/5773719499?utm_medium=api&utm_source=0635bd81
2026-07-07T01:01:26.316598+00:00,Aggregator,Exhibition Marketing Manager,"London, UK",https://www.adzuna.co.uk/jobs/land/ad/5772683227?se=QGjdWZ958RG2Y4KvMPRbaQ&utm_medium=api&utm_source=0635bd81&v=D1F28ECE156D78CC7A3AF8F061BA1B5A74506EE1
2026-07-07T01:01:26.316598+00:00,Aggregator,Sr. Marketing Manager (Fixed Term Contract),UK,https://www.adzuna.co.uk/jobs/details/5769441169?utm_medium=api&utm_source=0635bd81
2026-07-07T01:01:26.316598+00:00,Aggregator,Chief Marketing Officer (CMO),UK,https://www.adzuna.co.uk/jobs/details/5768216576?utm_medium=api&utm_source=0635bd81
2026-07-07T01:01:26.316598+00:00,Aggregator,Partnerships Marketing Manager | Lookfantastic,"Manchester, Greater Manchester",https://www.adzuna.co.uk/jobs/details/5768158546?utm_medium=api&utm_source=0635bd81
2026-07-07T01:01:26.316598+00:00,Aggregator,"Marketing Manager, Strategic Partnerships - POSSIBLE Europe","London, UK",https://www.adzuna.co.uk/jobs/details/5766868421?utm_medium=api&utm_source=0635bd81
2026-07-07T01:01:26.316598+00:00,Aggregator,Partnerships Executive - Disney Destinations International (Fixed-term contract),UK,https://www.adzuna.co.uk/jobs/land/ad/5766801141?se=QGjdWZ958RG2Y4KvMPRbaQ&utm_medium=api&utm_source=0635bd81&v=4D9E1A5EB59A6546556FDFD34757F4BD210F7EBA
2026-07-07T01:01:26.316598+00:00,Aggregator,"Marketing Manager, Hybrid","London, UK",https://www.adzuna.co.uk/jobs/details/5766311419?utm_medium=api&utm_source=0635bd81
2026-07-07T01:01:26.316598+00:00,Aggregator,Partnerships Executive,"Altrincham, Greater Manchester",https://www.adzuna.co.uk/jobs/land/ad/5764269470?se=QGjdWZ958RG2Y4KvMPRbaQ&utm_medium=api&utm_source=0635bd81&v=D2983146ED94C2B54317907EFDBB472DB34386C5
2026-07-07T01:01:26.316598+00:00,Aggregator,Senior Regional Marketing Manager (FTC),UK,https://www.adzuna.co.uk/jobs/details/5763610997?utm_medium=api&utm_source=0635bd81
2026-07-07T01:01:26.316598+00:00,Aggregator,"Marketing Manager, FT Live (12-month Parental Cover)","London, UK",https://www.adzuna.co.uk/jobs/details/5762594824?utm_medium=api&utm_source=0635bd81
2026-07-07T01:01:26.316598+00:00,Aggregator,Marketing Manager,"London, UK",https://www.adzuna.co.uk/jobs/land/ad/5756396911?se=QGjdWZ958RG2Y4KvMPRbaQ&utm_medium=api&utm_source=0635bd81&v=59FFA940EAB749EE92DA984BDBB1C247106A06EB
2026-07-07T01:01:26.316598+00:00,Aggregator,Loyalty & CRM Director - Europe,"London, UK",https://www.adzuna.co.uk/jobs/details/5757222947?utm_medium=api&utm_source=0635bd81
2026-07-07T01:01:26.316598+00:00,Aggregator,Strategy Director – Loyalty Consulting,"Tower Bridge, East London",https://www.adzuna.co.uk/jobs/details/5751043863?utm_medium=api&utm_source=0635bd81
2026-07-07T01:01:26.316598+00:00,Aggregator,Ecommerce Executive,"Manchester, Greater Manchester",https://www.adzuna.co.uk/jobs/land/ad/5788039434?se=NLWaW5958RGW89_mIOpt3A&utm_medium=api&utm_source=0635bd81&v=2A653C0BFBA3AC67B2B32024E1E52CDEDE452030
2026-07-07T01:01:26.316598+00:00,Aggregator,Ecommerce Executive,"Rusholme, Manchester",https://www.adzuna.co.uk/jobs/land/ad/5784144551?se=NLWaW5958RGW89_mIOpt3A&utm_medium=api&utm_source=0635bd81&v=7BD826AA1C074525973DAD340B3768686E66E749
2026-07-07T01:01:26.316598+00:00,Aggregator,Performance Marketing Manager,"Richmond, West London",https://www.adzuna.co.uk/jobs/details/5781774033?utm_medium=api&utm_source=0635bd81
2026-07-07T01:01:26.316598+00:00,Aggregator,Retail Media & eCommerce Marketing Mgr,"Surrey, South East England",https://www.adzuna.co.uk/jobs/details/5779607605?utm_medium=api&utm_source=0635bd81
2026-07-07T01:01:26.316598+00:00,Aggregator,Videographer and Content Editor,"Bristol, South West England",https://www.adzuna.co.uk/jobs/details/5777579809?utm_medium=api&utm_source=0635bd81
2026-07-07T01:01:26.316598+00:00,Aggregator,eCommerce Marketing Executive,"Manchester, Greater Manchester",https://www.adzuna.co.uk/jobs/details/5774972825?utm_medium=api&utm_source=0635bd81
2026-07-07T01:01:26.316598+00:00,Aggregator,eCommerce Marketing Executive,"London, UK",https://www.adzuna.co.uk/jobs/details/5774972823?utm_medium=api&utm_source=0635bd81
2026-07-07T01:01:26.316598+00:00,Aggregator,eCommerce Marketing Executive,"Birmingham, West Midlands",https://www.adzuna.co.uk/jobs/details/5774972824?utm_medium=api&utm_source=0635bd81
2026-07-07T01:01:26.316598+00:00,Aggregator,Head of Digital Marketing,"Hyde Park, Leeds",https://www.adzuna.co.uk/jobs/land/ad/5773754679?se=NLWaW5958RGW89_mIOpt3A&utm_medium=api&utm_source=0635bd81&v=C23B6CF2257FE746931BB6157CCEDE0EBDF32286
2026-07-07T01:01:26.316598+00:00,Aggregator,CRM Marketing Intern,"London, UK",https://www.adzuna.co.uk/jobs/details/5770243134?utm_medium=api&utm_source=0635bd81
2026-07-07T01:01:26.316598+00:00,Aggregator,CRM Marketing Intern,"London, UK",https://www.adzuna.co.uk/jobs/details/5769967188?utm_medium=api&utm_source=0635bd81
2026-07-07T01:01:26.316598+00:00,Aggregator,Assistant Influencer Marketing & Communications Manager,"London, UK",https://www.adzuna.co.uk/jobs/details/5790429691?utm_medium=api&utm_source=0635bd81
2026-07-07T01:01:26.316598+00:00,Aggregator,Innovation & Marketing Director,"London, UK",https://www.adzuna.co.uk/jobs/details/5790170368?utm_medium=api&utm_source=0635bd81
2026-07-07T01:01:26.316598+00:00,Aggregator,Head of Brands Luxury & Lifestyle EMEAA,UK,https://www.adzuna.co.uk/jobs/details/5789182646?utm_medium=api&utm_source=0635bd81
2026-07-07T01:01:26.316598+00:00,Aggregator,Marketing Manager - UK&EMEA,"London, UK",https://www.adzuna.co.uk/jobs/details/5789181382?utm_medium=api&utm_source=0635bd81
2026-07-07T01:01:26.316598+00:00,Aggregator,Head of Brands Luxury & Lifestyle EMEAA,UK,https://www.adzuna.co.uk/jobs/details/5788607155?utm_medium=api&utm_source=0635bd81
2026-07-07T01:01:26.316598+00:00,Aggregator,Brand and Corporate Communications Lead,"London, UK",https://www.adzuna.co.uk/jobs/details/5788490837?utm_medium=api&utm_source=0635bd81
2026-07-07T01:01:26.316598+00:00,Aggregator,Senior Brand Manager,"London, UK",https://www.adzuna.co.uk/jobs/details/5788134552?utm_medium=api&utm_source=0635bd81
2026-07-07T01:01:26.316598+00:00,Aggregator,Strategic Marketing Lead - Paediatric Vaccines,"London, UK",https://www.adzuna.co.uk/jobs/details/5788133493?utm_medium=api&utm_source=0635bd81
2026-07-07T01:01:26.316598+00:00,Aggregator,"Culture Communications Specialist, AVP","London, UK",https://www.adzuna.co.uk/jobs/details/5788130767?utm_medium=api&utm_source=0635bd81
2026-07-07T01:01:26.316598+00:00,Aggregator,"Senior Marketing Manager, Adult Trade","Bloomsbury, Central London",https://www.adzuna.co.uk/jobs/details/5788128502?utm_medium=api&utm_source=0635bd81
2026-07-07T01:01:26.316598+00:00,Aggregator,Marketing Manager,Manchester,https://www.reed.co.uk/jobs/marketing-manager/57079269
2026-07-07T01:01:26.316598+00:00,Aggregator,Marketing Executive,London,https://www.reed.co.uk/jobs/marketing-executive/57011356
2026-07-07T01:01:26.316598+00:00,Aggregator,Performance Marketing Manager,West London,https://www.reed.co.uk/jobs/performance-marketing-manager/57069377
2026-07-07T01:01:26.316598+00:00,Aggregator,Digital Marketing Manager,London,https://www.reed.co.uk/jobs/digital-marketing-manager/57079474
2026-07-07T01:01:26.316598+00:00,Aggregator,Marketing & Content Executive,London,https://www.reed.co.uk/jobs/marketing-content-executive/57068361
2026-07-07T01:01:26.316598+00:00,Aggregator,Marketing & Content Executive,London,https://www.reed.co.uk/jobs/marketing-content-executive/56986370
2026-07-07T01:01:26.316598+00:00,Aggregator,Marketing and Brand Manager,London,https://www.reed.co.uk/jobs/marketing-and-brand-manager/57072327
2026-07-07T01:01:26.316598+00:00,Aggregator,Digital Marketing Manager (9-12 Month FTC),London,https://www.reed.co.uk/jobs/digital-marketing-manager-9-12-month-ftc/57090128
2026-07-07T01:01:26.316598+00:00,Aggregator,Digital Marketing Manager (9-12 Month FTC),London,https://www.reed.co.uk/jobs/digital-marketing-manager-9-12-month-ftc/57093627
2026-07-07T01:01:26.316598+00:00,Aggregator,French Speaking Account Manager | Export Sales | Luxury Brands | International Business,London,https://www.reed.co.uk/jobs/french-speaking-account-manager--export-sales--luxury-brands--international-business/57065623
2026-07-07T01:01:26.316598+00:00,Aggregator,Digital Marketing Manager,Manchester,https://www.reed.co.uk/jobs/digital-marketing-manager/57083726
2026-07-07T01:01:26.316598+00:00,Aggregator,Digital Marketing Manager,London,https://www.reed.co.uk/jobs/digital-marketing-manager/57052064
2026-07-07T01:01:26.316598+00:00,Aggregator,Marketing Operations Manager,Manchester,https://www.reed.co.uk/jobs/marketing-operations-manager/57086123
2026-07-07T01:01:26.316598+00:00,Aggregator,Brand Marketing Exec,London,https://www.reed.co.uk/jobs/brand-marketing-exec/56818274
2026-07-07T01:01:26.316598+00:00,Aggregator,CRM Executive,London,https://www.reed.co.uk/jobs/crm-executive/57021954
2026-07-07T01:01:26.316598+00:00,Aggregator,CRM Data Executive,London,https://www.reed.co.uk/jobs/crm-data-executive/57022487
2026-07-07T01:01:26.316598+00:00,Aggregator,CRM Engagement Manager - Subscriptions,London,https://www.reed.co.uk/jobs/crm-engagement-manager-subscriptions/56997817
2026-07-07T01:01:26.316598+00:00,Aggregator,CRM Manager,London,https://www.reed.co.uk/jobs/crm-manager/57088606
2026-07-07T01:01:26.316598+00:00,Aggregator,CRM Manager,Manchester,https://www.reed.co.uk/jobs/crm-manager/56950709
2026-07-07T01:01:26.316598+00:00,Aggregator,CRM Specialist,London,https://www.reed.co.uk/jobs/crm-specialist/56997238
2026-07-07T01:01:26.316598+00:00,Aggregator,CRM Manager,London,https://www.reed.co.uk/jobs/crm-manager/56941937
2026-07-07T01:01:26.316598+00:00,Aggregator,CRM Manager,London,https://www.reed.co.uk/jobs/crm-manager/56997536
2026-07-07T01:01:26.316598+00:00,Aggregator,CRM Manager,London,https://www.reed.co.uk/jobs/crm-manager/56997956
2026-07-07T01:01:26.316598+00:00,Aggregator,CRM Assistant,London,https://www.reed.co.uk/jobs/crm-assistant/57047756
2026-07-07T01:01:26.316598+00:00,Aggregator,CRM Manager,West London,https://www.reed.co.uk/jobs/crm-manager/57067574
2026-07-07T01:01:26.316598+00:00,Aggregator,CRM Engagement Manager,London,https://www.reed.co.uk/jobs/crm-engagement-manager/56998307
2026-07-07T01:01:26.316598+00:00,Aggregator,Client Relationship Manager,North London,https://www.reed.co.uk/jobs/client-relationship-manager/57032968
2026-07-07T01:01:26.316598+00:00,Aggregator,Client Relationship Manager,London,https://www.reed.co.uk/jobs/client-relationship-manager/56977116
2026-07-07T01:01:26.316598+00:00,Aggregator,Client Relationship Manager,Manchester,https://www.reed.co.uk/jobs/client-relationship-manager/56965006
2026-07-07T01:01:26.316598+00:00,Aggregator,Senior CRM Manager,London,https://www.reed.co.uk/jobs/senior-crm-manager/56980963
2026-07-07T01:01:26.316598+00:00,Aggregator,Senior CRM Manager,London,https://www.reed.co.uk/jobs/senior-crm-manager/56953117
2026-07-07T01:01:26.316598+00:00,Aggregator,Senior CRM Manager,London,https://www.reed.co.uk/jobs/senior-crm-manager/56949289
2026-07-07T01:01:26.316598+00:00,Aggregator,Senior CRM Manager,London,https://www.reed.co.uk/jobs/senior-crm-manager/56944175
2026-07-07T01:01:26.316598+00:00,Aggregator,Senior Client Development Specialist,London,https://www.reed.co.uk/jobs/senior-client-development-specialist/56986687
2026-07-07T01:01:26.316598+00:00,Aggregator,Client Development & Communications Specialist - US law firm!,London,https://www.reed.co.uk/jobs/client-development-communications-specialist-us-law-firm/57074234
2026-07-07T01:01:26.316598+00:00,Aggregator,Client Development & Communications Specialist - US law firm!,London,https://www.reed.co.uk/jobs/client-development-communications-specialist-us-law-firm/57074233
2026-07-07T01:01:26.316598+00:00,Aggregator,Marketing Executive,Manchester,https://www.reed.co.uk/jobs/marketing-executive/57006827
2026-07-07T01:01:26.316598+00:00,Aggregator,Senior Digital Marketing Manager,London,https://www.reed.co.uk/jobs/senior-digital-marketing-manager/57064462
2026-07-07T01:01:26.316598+00:00,Aggregator,Head of Partnerships,Manchester,https://www.reed.co.uk/jobs/head-of-partnerships/57068460
2026-07-07T01:01:26.316598+00:00,Aggregator,Marketing Executive,Manchester,https://www.reed.co.uk/jobs/marketing-executive/57015611
2026-07-07T01:01:26.316598+00:00,Aggregator,CRM & Retention Manager,London,https://www.reed.co.uk/jobs/crm-retention-manager/57086358
2026-07-07T01:01:26.316598+00:00,Aggregator,CRM Builder & Voyado Specialist,London,https://www.reed.co.uk/jobs/crm-builder-voyado-specialist/57060187
2026-07-07T01:01:26.316598+00:00,Aggregator,Senior CRM Specialist (12-Month Contract) - London,London,https://www.reed.co.uk/jobs/senior-crm-specialist-12-month-contract-london/57007031
2026-07-07T01:01:26.316598+00:00,Aggregator,Email/CRM/Customer Lifecycle Assistant Manager,London,https://www.reed.co.uk/jobs/email-crm-customer-lifecycle-assistant-manager/56884382
2026-07-07T01:01:26.316598+00:00,Aggregator,Performance Marketing Specialist,London,https://www.reed.co.uk/jobs/performance-marketing-specialist/57007593
2026-07-07T01:01:26.316598+00:00,Aggregator,Client Marketing Manager (B2B) - Professional Services,London,https://www.reed.co.uk/jobs/client-marketing-manager-b2b-professional-services/57061885
2026-07-07T01:01:26.316598+00:00,Aggregator,Ecommerce Manager,London,https://www.reed.co.uk/jobs/ecommerce-manager/57047219
2026-07-07T01:01:26.316598+00:00,Aggregator,Ecommerce Coordinator,London,https://www.reed.co.uk/jobs/ecommerce-coordinator/57069540
2026-07-07T01:01:26.316598+00:00,Aggregator,Head of Digital Marketing and Ecommerce,Birmingham,https://www.reed.co.uk/jobs/head-of-digital-marketing-and-ecommerce/57082245
2026-07-07T01:01:26.316598+00:00,Aggregator,Marketing Manager,Manchester,https://www.reed.co.uk/jobs/marketing-manager/57034632
2026-07-07T01:01:26.316598+00:00,Aggregator,Marketing Analyst,London,https://www.reed.co.uk/jobs/marketing-analyst/57006997
2026-07-07T01:01:26.316598+00:00,Aggregator,Marketing Analyst,London,https://www.reed.co.uk/jobs/marketing-analyst/57002236
2026-07-07T01:01:26.316598+00:00,Aggregator,Marketing Analyst,London,https://www.reed.co.uk/jobs/marketing-analyst/56997727
2026-07-07T01:01:26.316598+00:00,Aggregator,Marketing Analyst,London,https://www.reed.co.uk/jobs/marketing-analyst/56987030
2026-07-07T01:01:26.316598+00:00,Aggregator,Marketing Analyst,London,https://www.reed.co.uk/jobs/marketing-analyst/56956488
2026-07-07T01:01:26.316598+00:00,Aggregator,Marketing Analyst,London,https://www.reed.co.uk/jobs/marketing-analyst/57032304
2026-07-07T01:01:26.316598+00:00,Aggregator,Footwear Brand Manager,London,https://www.reed.co.uk/jobs/footwear-brand-manager/57048053
2026-07-07T01:01:26.316598+00:00,Aggregator,Brand Manager - Permanent,London,https://www.reed.co.uk/jobs/brand-manager-permanent/57081946
2026-07-07T01:01:26.316598+00:00,Aggregator,Assistant Brand Manager,South West London,https://www.reed.co.uk/jobs/assistant-brand-manager/57029202
2026-07-07T01:01:26.316598+00:00,Aggregator,Head of Brand Marketing,Manchester,https://www.reed.co.uk/jobs/head-of-brand-marketing/57030141
2026-07-07T01:01:26.316598+00:00,Aggregator,Brand Manager - Music Merchandise,London,https://www.reed.co.uk/jobs/brand-manager-music-merchandise/57004127
2026-07-07T01:01:26.316598+00:00,Aggregator,Brand and Graphic Designer,London,https://www.reed.co.uk/jobs/brand-and-graphic-designer/56967040
2026-07-07T01:01:26.316598+00:00,Aggregator,Brand & Community Activation Manager,Manchester,https://www.reed.co.uk/jobs/brand-community-activation-manager/57068649
2026-07-07T01:01:26.316598+00:00,Aggregator,Multimedia Communications Officer,London,https://www.reed.co.uk/jobs/multimedia-communications-officer/56956308
2026-07-07T01:01:26.316598+00:00,Aggregator,Marketing CRM Manager,Manchester,https://www.reed.co.uk/jobs/marketing-crm-manager/56950754
